,fitz_type_Accuracy,fitz_type_loss,loss,male_Accuracy,male_loss,val_fitz_type_Accuracy,val_fitz_type_loss,val_loss,val_male_Accuracy,val_male_loss
0,0.29571589827537537,1.0603033304214478,1.5733695030212402,0.718113899230957,0.5095255374908447,0.16836459934711456,0.9286951422691345,1.5407602787017822,0.529603898525238,0.6126547455787659
1,0.439287394285202,0.8031154274940491,1.037980556488037,0.9000186324119568,0.23419472575187683,0.25942349433898926,0.9301365613937378,1.5164481401443481,0.529603898525238,0.5871933698654175
2,0.49190986156463623,0.7134919166564941,0.8768964409828186,0.9350425601005554,0.16302120685577393,0.309132844209671,0.8961174488067627,1.4382457733154297,0.5345478653907776,0.5431607961654663
3,0.5209644436836243,0.6637447476387024,0.795819103717804,0.9484395980834961,0.13196882605552673,0.3140169084072113,0.8275582790374756,1.29445219039917,0.6469706892967224,0.4679220914840698
4,0.5424282550811768,0.627292811870575,0.7427268624305725,0.9552712440490723,0.11510642617940903,0.41930845379829407,0.7362702488899231,1.0948797464370728,0.8233355283737183,0.35941657423973083
5,0.5559384226799011,0.6007665395736694,0.7034290432929993,0.959952175617218,0.1027301475405693,0.4956253468990326,0.6372921466827393,0.8795139789581299,0.9143345355987549,0.24273747205734253
6,0.5695285201072693,0.5771405696868896,0.6736819744110107,0.9620562791824341,0.09642139077186584,0.5538443326950073,0.5505660772323608,0.7022442817687988,0.9488224387168884,0.1517910361289978
7,0.5803785920143127,0.5583651065826416,0.6478290557861328,0.9642269611358643,0.08961060643196106,0.6025948524475098,0.48862531781196594,0.5887473225593567,0.9636543393135071,0.09996255487203598
8,0.5919678211212158,0.5405528545379639,0.625565230846405,0.9662978053092957,0.08482050150632858,0.6392401456832886,0.44776737689971924,0.5240954756736755,0.9706658124923706,0.07617171853780746
9,0.5989692807197571,0.5269777178764343,0.6078641414642334,0.9676294922828674,0.08112715929746628,0.6616827249526978,0.4230862259864807,0.48821285367012024,0.9739917516708374,0.06507423520088196
10,0.6071426272392273,0.5126742124557495,0.5901609063148499,0.969041109085083,0.07753363996744156,0.6764247417449951,0.4071632921695709,0.46669456362724304,0.9757595658302307,0.059564489871263504
11,0.6147300004959106,0.499908447265625,0.574352502822876,0.9700332283973694,0.07431936264038086,0.6861928701400757,0.3957441747188568,0.4519091546535492,0.9765385985374451,0.05619111284613609
12,0.6213852167129517,0.48868227005004883,0.5609833002090454,0.9707723259925842,0.07223522663116455,0.6936237812042236,0.38586822152137756,0.43972712755203247,0.9777970910072327,0.05373711884021759
13,0.6277807950973511,0.47886648774147034,0.5486317873001099,0.9715813398361206,0.06974674761295319,0.6999760270118713,0.377663254737854,0.42996490001678467,0.9780667424201965,0.052067339420318604
14,0.6343494057655334,0.46826887130737305,0.5361794829368591,0.9722172021865845,0.06774478405714035,0.7044405937194824,0.3708335757255554,0.42150261998176575,0.9786660075187683,0.05042112246155739
15,0.6391369104385376,0.46069371700286865,0.5265296697616577,0.9731727242469788,0.06595905870199203,0.7101935744285583,0.3635539412498474,0.4129343628883362,0.9791154861450195,0.04896793141961098
16,0.645259439945221,0.4526194930076599,0.5169636607170105,0.9734290838241577,0.06429536640644073,0.7150775790214539,0.35743290185928345,0.40556201338768005,0.9797447323799133,0.04763399064540863
17,0.6500835418701172,0.4445851743221283,0.5075191259384155,0.973775327205658,0.06295996904373169,0.7187930941581726,0.35174277424812317,0.3988109529018402,0.9800742864608765,0.04648445174098015
18,0.6545814275741577,0.4380808174610138,0.4989266097545624,0.9750105142593384,0.06085868179798126,0.722957968711853,0.3465336263179779,0.392682284116745,0.9803439974784851,0.045464981347322464
19,0.658752977848053,0.43209636211395264,0.49231088161468506,0.9751603007316589,0.0602656826376915,0.72772216796875,0.3410548269748688,0.38614073395729065,0.9809432625770569,0.04444483667612076
20,0.6628180146217346,0.4253906011581421,0.48433545231819153,0.975403368473053,0.058736465871334076,0.7307185530662537,0.3365861177444458,0.38108551502227783,0.9812728762626648,0.0437750369310379
21,0.6668997406959534,0.421108216047287,0.4791586995124817,0.9759327173233032,0.05780564248561859,0.7347336411476135,0.33203160762786865,0.37563779950141907,0.9816923141479492,0.04284825548529625
22,0.66988605260849,0.4145132601261139,0.47085851430892944,0.9765519499778748,0.05629625916481018,0.7384790778160095,0.32757461071014404,0.37050050497055054,0.9821417927742004,0.04211704060435295
23,0.6725228428840637,0.4101865589618683,0.46608543395996094,0.9767350554466248,0.05596422404050827,0.7419548034667969,0.32316267490386963,0.3653356432914734,0.982291579246521,0.04141734167933464
24,0.6785088777542114,0.403548002243042,0.45820683240890503,0.9770679473876953,0.054649386554956436,0.7453407049179077,0.3195263147354126,0.361412912607193,0.9824714064598083,0.04100387170910835
25,0.68133544921875,0.3990003764629364,0.45268258452415466,0.9774375557899475,0.05355607345700264,0.7483969330787659,0.31614282727241516,0.3572259843349457,0.9827710390090942,0.04016713798046112
26,0.6844915747642517,0.3938593566417694,0.4468405842781067,0.9773975610733032,0.05330723896622658,0.7515431046485901,0.3122941553592682,0.35289129614830017,0.9831605553627014,0.03961307927966118
27,0.687747597694397,0.3896762728691101,0.4421945810317993,0.9777171611785889,0.05261804535984993,0.7541499137878418,0.30881866812705994,0.34878718852996826,0.9831605553627014,0.03893961012363434
28,0.6907805800437927,0.38533398509025574,0.43722864985466003,0.9778569936752319,0.0516413114964962,0.7577754855155945,0.3054236173629761,0.3448888659477234,0.9834601879119873,0.03844662010669708
29,0.691919207572937,0.38279733061790466,0.43368616700172424,0.978436291217804,0.05090466886758804,0.7598729729652405,0.30233412981033325,0.34130340814590454,0.9835200905799866,0.03789200633764267
30,0.6970629096031189,0.3770894408226013,0.42729175090789795,0.9785528182983398,0.050152286887168884,0.7623000144958496,0.2992962598800659,0.33781880140304565,0.9838796854019165,0.03743784502148628
31,0.6983047127723694,0.373877614736557,0.4233707785606384,0.979118824005127,0.049278900027275085,0.7645472288131714,0.29627320170402527,0.33457499742507935,0.9838197231292725,0.03719436749815941
32,0.7019935846328735,0.3702305257320404,0.41934123635292053,0.9792253375053406,0.04899578168988228,0.7668843865394592,0.2932077944278717,0.3310117721557617,0.9845088720321655,0.036646828055381775
33,0.7043673396110535,0.3662453591823578,0.41469278931617737,0.9792885780334473,0.04871370270848274,0.7696410417556763,0.29042255878448486,0.32792723178863525,0.984389066696167,0.036366552114486694
34,0.7078131437301636,0.36315280199050903,0.4109138548374176,0.9794151186943054,0.04785047844052315,0.7721879482269287,0.2876709997653961,0.32467448711395264,0.9849583506584167,0.03581593930721283
35,0.7093213200569153,0.36002805829048157,0.40792950987815857,0.979411780834198,0.04791339114308357,0.7744951248168945,0.28489646315574646,0.32151585817337036,0.9851081967353821,0.03544914722442627
36,0.7118781805038452,0.356817364692688,0.40348970890045166,0.9798579216003418,0.04668872430920601,0.776023268699646,0.2826792299747467,0.3188784420490265,0.9851381182670593,0.035052672028541565
37,0.7134861946105957,0.3539566993713379,0.4005180597305298,0.9800443649291992,0.04649754613637924,0.7781506776809692,0.28014910221099854,0.3161354660987854,0.9853478670120239,0.03471849858760834
38,0.7151142358779907,0.35081449151039124,0.3968413174152374,0.9801941514015198,0.0457034558057785,0.7808173894882202,0.27776315808296204,0.3134423494338989,0.9852879643440247,0.034424494951963425
39,0.7187297940254211,0.34800803661346436,0.3935582935810089,0.9803805947303772,0.045474469661712646,0.7827950119972229,0.275302529335022,0.31074896454811096,0.9854977130889893,0.03418082371354103
40,0.7209004759788513,0.34546464681625366,0.3906881809234619,0.9804838299751282,0.04538712278008461,0.7840534448623657,0.2732831835746765,0.308373361825943,0.9854977130889893,0.03383728489279747
41,0.7224752306938171,0.3417702615261078,0.3870399594306946,0.9805337190628052,0.04513143375515938,0.7868400812149048,0.27089959383010864,0.30580934882164,0.9851980805397034,0.03367985785007477
42,0.7252052426338196,0.3398059904575348,0.3844354748725891,0.9804571866989136,0.04470330476760864,0.7880685329437256,0.26872915029525757,0.30317172408103943,0.9854977130889893,0.033205583691596985
43,0.7276656031608582,0.3366660177707672,0.38030707836151123,0.9814959168434143,0.04355539381504059,0.7900161743164062,0.26637497544288635,0.3007519245147705,0.9856175184249878,0.03309887647628784
44,0.7289739847183228,0.3342440724372864,0.3778500556945801,0.9812395572662354,0.04347558319568634,0.7917240858078003,0.26425471901893616,0.29837656021118164,0.9855276346206665,0.03282010927796364
45,0.7311513423919678,0.3306746482849121,0.3738315999507904,0.9813960194587708,0.04277319833636284,0.7934919595718384,0.26241499185562134,0.2962621748447418,0.9856175184249878,0.032555948942899704
46,0.7336716055870056,0.3286784291267395,0.3720781207084656,0.9813361167907715,0.043327730149030685,0.7950500249862671,0.26016107201576233,0.2938055992126465,0.9858272671699524,0.032302603125572205
47,0.7339379191398621,0.32817453145980835,0.3703462481498718,0.9816889762878418,0.04224821552634239,0.7966081500053406,0.25834086537361145,0.2917177677154541,0.9859172105789185,0.032035794109106064
48,0.7372172474861145,0.3242775797843933,0.3659794330596924,0.9820985198020935,0.04165496304631233,0.7990351915359497,0.25627148151397705,0.289509117603302,0.9858272671699524,0.031863972544670105
49,0.7388585805892944,0.32242879271507263,0.3639856278896332,0.9819753170013428,0.0415525883436203,0.8010127544403076,0.254275918006897,0.28711292147636414,0.9861568808555603,0.031502142548561096
50,0.7400837540626526,0.32027190923690796,0.361836701631546,0.9821650981903076,0.04146521911025047,0.8022712469100952,0.25245383381843567,0.285286009311676,0.986066997051239,0.03139230236411095
51,0.742344319820404,0.31795644760131836,0.35884612798690796,0.9821051359176636,0.04111848399043083,0.8034997582435608,0.25060534477233887,0.2831951677799225,0.9862467646598816,0.031210269778966904
52,0.7443618774414062,0.31597310304641724,0.35689347982406616,0.9825479388237,0.040802646428346634,0.8052076697349548,0.24876172840595245,0.28117531538009644,0.9861568808555603,0.030989404767751694
53,0.7455171346664429,0.31422820687294006,0.35452696681022644,0.9824580550193787,0.040431443601846695,0.8065260648727417,0.2468392252922058,0.2790641188621521,0.9862467646598816,0.030771950259804726
54,0.7464659810066223,0.3122554421424866,0.35247790813446045,0.98273104429245,0.04015582427382469,0.8080841302871704,0.24517948925495148,0.2773688733577728,0.9862168431282043,0.030736509710550308
55,0.7490062117576599,0.30892640352249146,0.34899580478668213,0.9825845956802368,0.04000743478536606,0.8094924092292786,0.2437099814414978,0.27556315064430237,0.9863366484642029,0.030453350394964218
56,0.7499617338180542,0.30839917063713074,0.3480653762817383,0.9825745820999146,0.03976273536682129,0.8106610178947449,0.24202139675617218,0.27369025349617004,0.9865763783454895,0.03019130229949951
57,0.7526950240135193,0.30613166093826294,0.3455231785774231,0.9828808903694153,0.03943556547164917,0.8118595480918884,0.2400708794593811,0.27156510949134827,0.9866662621498108,0.03001721389591694
58,0.7530812621116638,0.3045943081378937,0.3439062535762787,0.9829574823379517,0.03921345993876457,0.8129382133483887,0.2387847900390625,0.2702706456184387,0.9867261648178101,0.029974691569805145
59,0.755728006362915,0.30189329385757446,0.34063440561294556,0.9832737445831299,0.03889251872897148,0.8153053522109985,0.23686030507087708,0.26820623874664307,0.9866362810134888,0.0298350490629673
60,0.756270706653595,0.30072468519210815,0.33904021978378296,0.9832504391670227,0.03820392116904259,0.8168334364891052,0.23500820994377136,0.2660312056541443,0.987055778503418,0.029529673978686333
61,0.7573893070220947,0.29812389612197876,0.3369351327419281,0.982864260673523,0.038673728704452515,0.8177623152732849,0.23382946848869324,0.2647189497947693,0.9869359135627747,0.02941039577126503
62,0.7596898674964905,0.2960711121559143,0.33473289012908936,0.9830140471458435,0.03854618966579437,0.8188110589981079,0.2323959916830063,0.2630659341812134,0.9872955083847046,0.029215766116976738
63,0.760858416557312,0.29585427045822144,0.3336365818977356,0.9833869338035583,0.037742979824543,0.8201294541358948,0.2310388684272766,0.26164543628692627,0.9872655272483826,0.029172655194997787
64,0.7620336413383484,0.29311075806617737,0.33077651262283325,0.9834268689155579,0.037803683429956436,0.821178138256073,0.22947365045547485,0.25996503233909607,0.9873853921890259,0.029021253809332848
65,0.7630524039268494,0.29178038239479065,0.32931920886039734,0.983626663684845,0.03745848312973976,0.8218073844909668,0.2282877266407013,0.25870558619499207,0.9871456623077393,0.028875701129436493
66,0.7651931047439575,0.2898542582988739,0.3272748291492462,0.983626663684845,0.0373498871922493,0.8230957984924316,0.22684605419635773,0.25714895129203796,0.9873254895210266,0.02879619598388672
67,0.7669276595115662,0.28799208998680115,0.32504358887672424,0.9838597178459167,0.03701591119170189,0.8248037099838257,0.22546720504760742,0.2556675374507904,0.9874752759933472,0.02864045836031437
68,0.7681894898414612,0.2866115868091583,0.32353949546813965,0.9838131070137024,0.036932848393917084,0.8262419700622559,0.22382527589797974,0.25400030612945557,0.9873554110527039,0.028623925521969795
69,0.7684824466705322,0.2852947413921356,0.3220060467720032,0.9837564826011658,0.03675002604722977,0.826991081237793,0.2226281762123108,0.25262650847435,0.9875052571296692,0.028412530198693275
70,0.7694945335388184,0.28444546461105347,0.32089927792549133,0.9840227961540222,0.036318518221378326,0.8288787603378296,0.22129395604133606,0.2511453628540039,0.9875052571296692,0.0283025112003088
71,0.7715853452682495,0.2824375629425049,0.3187117874622345,0.9840161800384521,0.036274898797273636,0.8306466341018677,0.2196044623851776,0.24923136830329895,0.9877749085426331,0.028090285137295723
72,0.7726540565490723,0.28094956278800964,0.317158043384552,0.9840561151504517,0.036215703934431076,0.8309162855148315,0.2184913158416748,0.24817383289337158,0.9877749085426331,0.02809774875640869
73,0.7759533524513245,0.27854204177856445,0.31429189443588257,0.9842625260353088,0.035843707621097565,0.8322346806526184,0.21713285148143768,0.24672895669937134,0.9876550436019897,0.028028547763824463
74,0.7762929201126099,0.27734026312828064,0.3131270706653595,0.9843557476997375,0.03579186275601387,0.8330436944961548,0.21581904590129852,0.24525883793830872,0.9877749085426331,0.02782154455780983
75,0.7763262391090393,0.2764870822429657,0.3124637305736542,0.9844223260879517,0.036048389971256256,0.8337028622627258,0.21477991342544556,0.24396684765815735,0.9877749085426331,0.027570821344852448
76,0.777884304523468,0.2755950093269348,0.3106047213077545,0.9846587181091309,0.03502100706100464,0.8345718383789062,0.21368712186813354,0.2429102659225464,0.9878048896789551,0.027572162449359894
77,0.7788165211677551,0.2741267681121826,0.30954211950302124,0.9844156503677368,0.03545685112476349,0.8363396525382996,0.21213781833648682,0.24122442305088043,0.9878947734832764,0.027463622391223907
78,0.7809805274009705,0.27269619703292847,0.3077735900878906,0.9843690991401672,0.03509345278143883,0.8369988799095154,0.21112020313739777,0.24013292789459229,0.9879546761512756,0.027363238856196404
79,0.7814399600028992,0.27114835381507874,0.305603563785553,0.9850149750709534,0.034430019557476044,0.8380475640296936,0.21012192964553833,0.23901936411857605,0.9879546761512756,0.027272464707493782
80,0.7816097736358643,0.2704283893108368,0.3048335313796997,0.9848584532737732,0.034385111182928085,0.8396056890487671,0.20847491919994354,0.23725999891757965,0.988074541091919,0.02714083343744278
81,0.7826018929481506,0.2693215310573578,0.30363503098487854,0.984968364238739,0.03430917114019394,0.8398154377937317,0.2076767235994339,0.23642277717590332,0.9882243871688843,0.027049493044614792
82,0.7855416536331177,0.26718616485595703,0.3017232418060303,0.9844955801963806,0.034541890025138855,0.8404746055603027,0.2064933031797409,0.23512142896652222,0.988134503364563,0.026966560631990433
83,0.7854750752449036,0.2661241292953491,0.29972338676452637,0.9852812886238098,0.03362514078617096,0.8417930006980896,0.20536984503269196,0.23394504189491272,0.9880445599555969,0.026878295466303825
84,0.785851240158081,0.2645334005355835,0.29958516359329224,0.9846320748329163,0.03484703227877617,0.8429316282272339,0.20411184430122375,0.23253153264522552,0.9881644248962402,0.026730481535196304
85,0.787765622138977,0.2632780969142914,0.2971477508544922,0.9853478670120239,0.03389173001050949,0.8438605070114136,0.20324267446994781,0.23155410587787628,0.988134503364563,0.026625726372003555
86,0.7889541387557983,0.26257145404815674,0.2961430549621582,0.9854177832603455,0.03359139710664749,0.8451189398765564,0.20184935629367828,0.23013722896575928,0.9882243871688843,0.02657785266637802
87,0.7893469929695129,0.2610698342323303,0.2949521243572235,0.9850582480430603,0.03398989140987396,0.8459579348564148,0.20073018968105316,0.22892464697360992,0.9883142709732056,0.026505855843424797
88,0.790585458278656,0.26029154658317566,0.2941092550754547,0.9850582480430603,0.03370467945933342,0.846377432346344,0.19997245073318481,0.22804538905620575,0.9884041547775269,0.026400918141007423
89,0.7912546396255493,0.25937947630882263,0.2932739555835724,0.9851747751235962,0.0338192842900753,0.8472463488578796,0.19878451526165009,0.22689834237098694,0.9882543087005615,0.02634807676076889
90,0.792866051197052,0.2581290602684021,0.29105880856513977,0.9856042265892029,0.03289470821619034,0.8485048413276672,0.19761714339256287,0.22558419406414032,0.9882543087005615,0.026247233152389526
91,0.7947004437446594,0.2565602958202362,0.2898249626159668,0.985407829284668,0.033271424472332,0.8488343954086304,0.1966862678527832,0.224481463432312,0.9884341359138489,0.026040537282824516
92,0.7946372032165527,0.2557673454284668,0.2882448136806488,0.9856508374214172,0.032527703791856766,0.8497033715248108,0.19565385580062866,0.22327129542827606,0.9884640574455261,0.025903914123773575
93,0.7961320281028748,0.25479304790496826,0.2879217565059662,0.9855676293373108,0.03290044888854027,0.850092887878418,0.1950227916240692,0.22275757789611816,0.9883142709732056,0.026001058518886566
94,0.7964050769805908,0.25259116291999817,0.28600841760635376,0.9853745102882385,0.033268559724092484,0.8514112830162048,0.1937786191701889,0.22139625251293182,0.9885539412498474,0.025889161974191666
95,0.798003077507019,0.25206613540649414,0.2844945788383484,0.9856575131416321,0.03246568143367767,0.8521603345870972,0.19274193048477173,0.2201922982931137,0.9884640574455261,0.025670437142252922
96,0.7987488508224487,0.25138893723487854,0.284054160118103,0.9857839941978455,0.03278135135769844,0.8535985946655273,0.1915999948978424,0.21911337971687317,0.9882842898368835,0.025784214958548546
97,0.7989319562911987,0.25065773725509644,0.2830621600151062,0.9856075644493103,0.03265060856938362,0.8541379570960999,0.19066932797431946,0.21800324320793152,0.9886139035224915,0.025552881881594658
98,0.8003169298171997,0.24872012436389923,0.2812788784503937,0.985730767250061,0.032673224806785583,0.8551267385482788,0.18968752026557922,0.21699365973472595,0.9886438250541687,0.025502018630504608
99,0.8011226058006287,0.2481667548418045,0.28035110235214233,0.9859105348587036,0.03218279033899307,0.8553963899612427,0.1891297847032547,0.21650181710720062,0.9884341359138489,0.025513622909784317
100,0.8021280765533447,0.2468663603067398,0.2784021198749542,0.9861901998519897,0.03149932250380516,0.8571342825889587,0.18786205351352692,0.21515820920467377,0.9887037873268127,0.025443140417337418
101,0.8034231662750244,0.24554316699504852,0.2774551808834076,0.9858439564704895,0.031985629349946976,0.8578234314918518,0.1870715320110321,0.21418890357017517,0.9886738061904907,0.025311093777418137
102,0.8048081398010254,0.24494488537311554,0.2767854332923889,0.9859970808029175,0.031916990876197815,0.8574938774108887,0.18643008172512054,0.21353043615818024,0.9886438250541687,0.025287363678216934
103,0.8047415614128113,0.24398528039455414,0.27585458755493164,0.985883891582489,0.03203172609210014,0.85923171043396,0.18530502915382385,0.21224401891231537,0.988823652267456,0.025130245834589005
104,0.8055073022842407,0.2428479641675949,0.27460774779319763,0.9861236214637756,0.03171280771493912,0.8600108027458191,0.18446192145347595,0.21133340895175934,0.9889135360717773,0.025039205327630043
105,0.8056238293647766,0.24251507222652435,0.2740938067436218,0.9860703349113464,0.03169754892587662,0.8602504730224609,0.18345744907855988,0.21034540235996246,0.988763689994812,0.025056563317775726
106,0.8074049949645996,0.24094197154045105,0.2721092998981476,0.9861901998519897,0.0312618762254715,0.8611793518066406,0.1826888918876648,0.20946510136127472,0.988823652267456,0.024932317435741425
107,0.8081540465354919,0.2403431385755539,0.2718004286289215,0.9859804511070251,0.031438473612070084,0.862018346786499,0.1818092167377472,0.20867879688739777,0.9885839223861694,0.025010444223880768
108,0.8085302710533142,0.239100381731987,0.2696683704853058,0.9865797162055969,0.030633753165602684,0.8632468581199646,0.18065428733825684,0.20741353929042816,0.988763689994812,0.024909384548664093
109,0.8102082014083862,0.23852740228176117,0.2694503664970398,0.9864698648452759,0.031094564124941826,0.8631868958473206,0.18022167682647705,0.20682446658611298,0.9889135360717773,0.02474127523601055
110,0.8099251985549927,0.23742184042930603,0.26881441473960876,0.9861801862716675,0.03140748292207718,0.8639360070228577,0.17934922873973846,0.2059784084558487,0.9887037873268127,0.024731772020459175
111,0.8111270666122437,0.23674774169921875,0.2674315571784973,0.9864798188209534,0.030765710398554802,0.8645652532577515,0.17843098938465118,0.20480863749980927,0.9889435172080994,0.024475373327732086
112,0.8121724724769592,0.235762357711792,0.2667044997215271,0.9861801862716675,0.031013214960694313,0.8659735321998596,0.1775638312101364,0.2038644552230835,0.9891232848167419,0.024444930255413055
113,0.81284499168396,0.23471322655677795,0.2654280662536621,0.9865164756774902,0.030730994418263435,0.8661532998085022,0.17691177129745483,0.2030763179063797,0.9889734387397766,0.024311713874340057
114,0.8125120401382446,0.2343793511390686,0.2650671899318695,0.9864298701286316,0.030618058517575264,0.8662731647491455,0.17640691995620728,0.20286421477794647,0.9889135360717773,0.024536367505788803
115,0.8144130706787109,0.23243790864944458,0.2628549337387085,0.9866330027580261,0.030362658202648163,0.867411732673645,0.17540666460990906,0.20155325531959534,0.9890933036804199,0.024227259680628777
116,0.8146960735321045,0.23264047503471375,0.2628779411315918,0.9867228865623474,0.030221110209822655,0.8679810762405396,0.17455852031707764,0.20063753426074982,0.9890334010124207,0.02420051023364067
117,0.8163773417472839,0.23139989376068115,0.2618273198604584,0.9866629242897034,0.030482927337288857,0.8685203790664673,0.1736432909965515,0.19974491000175476,0.9891532063484192,0.02421877533197403
118,0.8163407444953918,0.23061765730381012,0.26109421253204346,0.9865763783454895,0.030479656532406807,0.868460476398468,0.1730852872133255,0.19912831485271454,0.9892431497573853,0.024168236181139946
119,0.8169599771499634,0.22997507452964783,0.26019608974456787,0.9867794513702393,0.03022642806172371,0.8703481554985046,0.17181620001792908,0.1978546530008316,0.9890633225440979,0.024178393185138702
120,0.8191739320755005,0.2279290109872818,0.2582222521305084,0.9868127703666687,0.03026748262345791,0.8707976341247559,0.17132747173309326,0.19726313650608063,0.9890334010124207,0.024076584726572037
121,0.8189042806625366,0.22763453423976898,0.25721654295921326,0.9870258569717407,0.02948770672082901,0.8713070154190063,0.17070402204990387,0.19648157060146332,0.9891232848167419,0.02394735999405384
122,0.8196433782577515,0.22689685225486755,0.256591796875,0.98690265417099,0.02982703410089016,0.8713968992233276,0.17032213509082794,0.19616913795471191,0.9892431497573853,0.023974871262907982
123,0.8204990029335022,0.22580711543560028,0.2562325894832611,0.986476480960846,0.03037450462579727,0.8729550242424011,0.16895726323127747,0.19461624324321747,0.9895727038383484,0.023852381855249405
124,0.8203025460243225,0.22583365440368652,0.2554301917552948,0.9867761135101318,0.02998785302042961,0.8735542893409729,0.1682213842868805,0.19382110238075256,0.9894828200340271,0.023777959868311882
125,0.821421205997467,0.22455869615077972,0.2543729841709137,0.9869892001152039,0.029766162857413292,0.8737639784812927,0.16785414516925812,0.19345901906490326,0.9893330335617065,0.023799952119588852
126,0.8222335577011108,0.22345764935016632,0.2531035542488098,0.986842691898346,0.029795018956065178,0.8750224709510803,0.16694296896457672,0.19248639047145844,0.9894528388977051,0.02368863858282566
127,0.823245644569397,0.22272834181785583,0.2524542212486267,0.9867960810661316,0.029950516298413277,0.8749924898147583,0.1662202775478363,0.191581591963768,0.9895427823066711,0.02354278974235058
128,0.8226796388626099,0.22284694015979767,0.2521573305130005,0.9871456623077393,0.029263773933053017,0.875891387462616,0.16553936898708344,0.19080336391925812,0.9896326661109924,0.023438479751348495
129,0.8237683176994324,0.221605584025383,0.2505958378314972,0.9871290326118469,0.029056033119559288,0.875981330871582,0.16487033665180206,0.19022975862026215,0.9893629550933838,0.02350747026503086
130,0.8249069452285767,0.22060298919677734,0.249746173620224,0.9873853921890259,0.02896267920732498,0.8763108849525452,0.16399532556533813,0.18940028548240662,0.9894229173660278,0.023520464077591896
131,0.8263951539993286,0.21965299546718597,0.24907802045345306,0.9867960810661316,0.029387470334768295,0.877988874912262,0.16313832998275757,0.18855814635753632,0.9892730712890625,0.023564940318465233
132,0.8260921835899353,0.219660222530365,0.24894903600215912,0.9870757460594177,0.02914685197174549,0.8775693774223328,0.16284692287445068,0.1881503015756607,0.9893030524253845,0.023456143215298653
133,0.8269344568252563,0.21884092688560486,0.248245969414711,0.9868693351745605,0.029499009251594543,0.8782585263252258,0.162136971950531,0.18734878301620483,0.9894229173660278,0.02340107411146164
134,0.8269377946853638,0.2180442363023758,0.24692289531230927,0.9872355461120605,0.02885858714580536,0.8793971538543701,0.1613427996635437,0.1864866465330124,0.9896026849746704,0.023275300860404968
135,0.8282628655433655,0.21744287014007568,0.24630668759346008,0.9871124029159546,0.028991319239139557,0.8802660703659058,0.16074538230895996,0.18584053218364716,0.9895727038383484,0.02322058193385601
136,0.8281629681587219,0.2168334275484085,0.24574638903141022,0.9873454570770264,0.02886495366692543,0.8804159164428711,0.16058288514614105,0.18566502630710602,0.9896026849746704,0.023205703124403954
137,0.8273705840110779,0.21658854186534882,0.24532045423984528,0.987238883972168,0.02868703193962574,0.8804758191108704,0.16048483550548553,0.18557479977607727,0.9895727038383484,0.02321520633995533
138,0.8277867436408997,0.2175532430410385,0.24629761278629303,0.9871689677238464,0.028846360743045807,0.8805357217788696,0.16044731438159943,0.1855364590883255,0.9895727038383484,0.02321406826376915
139,0.828272819519043,0.2167135775089264,0.24559670686721802,0.9873254895210266,0.02886369079351425,0.8805357217788696,0.16046860814094543,0.18555162847042084,0.9895727038383484,0.023209527134895325
140,0.8288354873657227,0.21671175956726074,0.24549086391925812,0.9873554110527039,0.028716161847114563,0.8806256651878357,0.16045688092708588,0.18552808463573456,0.9896026849746704,0.023196013644337654
141,0.8277667760848999,0.21726755797863007,0.24648535251617432,0.9868860244750977,0.029294760897755623,0.8806555867195129,0.1604519635438919,0.18552778661251068,0.9896026849746704,0.023200197145342827
142,0.8269844055175781,0.21766619384288788,0.24610230326652527,0.9875218868255615,0.02857237495481968,0.8805657029151917,0.16045892238616943,0.1855495274066925,0.9895727038383484,0.023216770961880684
143,0.8272340893745422,0.21683883666992188,0.2455151379108429,0.9871823191642761,0.028606440871953964,0.8805956840515137,0.1604590266942978,0.1855418086051941,0.9895727038383484,0.023210730403661728
144,0.829218327999115,0.21636395156383514,0.24483968317508698,0.9874386787414551,0.028636902570724487,0.8805357217788696,0.16046075522899628,0.1855427771806717,0.9895727038383484,0.023210475221276283
145,0.8276103138923645,0.2177247554063797,0.2464950531721115,0.9874320030212402,0.028792614117264748,0.8805357217788696,0.16042229533195496,0.18551801145076752,0.9895128011703491,0.023221250623464584
146,0.8273040056228638,0.21677175164222717,0.24556124210357666,0.9874885678291321,0.028896447271108627,0.8805058002471924,0.160468190908432,0.18556411564350128,0.9895128011703491,0.023221228271722794
147,0.8279132843017578,0.21681486070156097,0.2451397031545639,0.9875984787940979,0.028614427894353867,0.8804758191108704,0.16045929491519928,0.18555819988250732,0.9895128011703491,0.023224972188472748
148,0.828559160232544,0.21638205647468567,0.24499066174030304,0.9873387813568115,0.028708284720778465,0.8805058002471924,0.16047456860542297,0.18557468056678772,0.9895128011703491,0.023227237164974213
149,0.8273239731788635,0.21737034618854523,0.24646776914596558,0.9871357083320618,0.02906787022948265,0.8805956840515137,0.16043241322040558,0.18552137911319733,0.9895427823066711,0.02321503311395645
150,0.8283361196517944,0.21720151603221893,0.24584679305553436,0.9874020218849182,0.028680698946118355,0.8805956840515137,0.1604243814945221,0.18551203608512878,0.9895427823066711,0.023215407505631447
151,0.8268479108810425,0.21768230199813843,0.24635562300682068,0.9874452948570251,0.028486622497439384,0.880685567855835,0.1603984385728836,0.18549302220344543,0.9895128011703491,0.023222383111715317
152,0.8284992575645447,0.21662776172161102,0.24514566361904144,0.9874619841575623,0.028431255370378494,0.8807454705238342,0.160391703248024,0.18548080325126648,0.9895727038383484,0.023215467110276222
153,0.8280797600746155,0.21709036827087402,0.24585148692131042,0.9873954057693481,0.028710944578051567,0.8806555867195129,0.1604182869195938,0.18550309538841248,0.9895727038383484,0.02321198582649231
154,0.827876627445221,0.2171768993139267,0.2459842413663864,0.9873853921890259,0.028718918561935425,0.8805657029151917,0.1604316234588623,0.18551762402057648,0.9895427823066711,0.023212485015392303
155,0.8268445730209351,0.2172032743692398,0.24571600556373596,0.9873853921890259,0.02854343317449093,0.8806555867195129,0.16041353344917297,0.18552176654338837,0.9895427823066711,0.02323370985686779
156,0.828149676322937,0.21705926954746246,0.24581564962863922,0.9870824217796326,0.02904273010790348,0.8806555867195129,0.160437673330307,0.1855335533618927,0.9895128011703491,0.02322067879140377
157,0.828882098197937,0.2166823297739029,0.2453741580247879,0.987372100353241,0.02882503531873226,0.8805956840515137,0.16042399406433105,0.18551073968410492,0.9895727038383484,0.023212065920233727
158,0.8280730843544006,0.21670351922512054,0.24534481763839722,0.9872621893882751,0.028644120320677757,0.8805657029151917,0.1604209542274475,0.18550260365009308,0.9895727038383484,0.023206809535622597
159,0.8280664086341858,0.2169218510389328,0.2452462613582611,0.9875185489654541,0.028422268107533455,0.880715548992157,0.16040413081645966,0.18548624217510223,0.9895727038383484,0.023210125043988228
160,0.828149676322937,0.21758131682872772,0.24601605534553528,0.9873221516609192,0.028565751388669014,0.8806555867195129,0.16042937338352203,0.1855088323354721,0.9895727038383484,0.02320893481373787
161,0.8284260034561157,0.2166454792022705,0.2450466901063919,0.9876484274864197,0.028366098180413246,0.8805357217788696,0.1604306697845459,0.18551549315452576,0.9895128011703491,0.023213880136609077
162,0.8280497789382935,0.21726961433887482,0.24637210369110107,0.9870691299438477,0.029078399762511253,0.8805956840515137,0.16045553982257843,0.1855372190475464,0.9895727038383484,0.02321019396185875
163,0.8276069760322571,0.21722577512264252,0.246162548661232,0.9873387813568115,0.029033470898866653,0.8805657029151917,0.16046857833862305,0.18556499481201172,0.9895427823066711,0.023223672062158585
164,0.8282062411308289,0.21706150472164154,0.2456330806016922,0.9873454570770264,0.028590498492121696,0.8806256651878357,0.16045638918876648,0.1855469048023224,0.9895128011703491,0.023219797760248184
165,0.827643632888794,0.2169177085161209,0.24591064453125,0.9874053597450256,0.029012715443968773,0.8805357217788696,0.16044564545154572,0.18555495142936707,0.9895128011703491,0.023236265406012535
166,0.8278300762176514,0.2176816761493683,0.24593067169189453,0.9874187111854553,0.028342340141534805,0.8805357217788696,0.16042834520339966,0.18553389608860016,0.9895427823066711,0.023230867460370064
167,0.8280298113822937,0.2172747403383255,0.2461087852716446,0.9873554110527039,0.028805159032344818,0.8806555867195129,0.16044262051582336,0.1855403184890747,0.9895128011703491,0.023224426433444023
168,0.8286923170089722,0.2164599746465683,0.24500422179698944,0.9873254895210266,0.02844863384962082,0.8805956840515137,0.16045702993869781,0.18554481863975525,0.9895727038383484,0.02321368083357811
169,0.8281829357147217,0.21685610711574554,0.2457830309867859,0.9872921705245972,0.028861187398433685,0.8805956840515137,0.16045893728733063,0.18554477393627167,0.9895427823066711,0.023211302235722542
170,0.8279998302459717,0.21684007346630096,0.24578233063220978,0.9871856570243835,0.028917789459228516,0.8805657029151917,0.16043274104595184,0.18551179766654968,0.9896026849746704,0.023202242329716682
171,0.8290718793869019,0.21638107299804688,0.2448134869337082,0.9874586462974548,0.0282973013818264,0.8805956840515137,0.1604350358247757,0.1855245977640152,0.9895427823066711,0.023214764893054962
172,0.8279798626899719,0.2173704206943512,0.24597389996051788,0.9873853921890259,0.02864092029631138,0.8805956840515137,0.16043560206890106,0.18551184237003326,0.9896026849746704,0.023202229291200638
173,0.8274571895599365,0.21803393959999084,0.24678578972816467,0.9872854948043823,0.028662120923399925,0.8805956840515137,0.16046133637428284,0.18554864823818207,0.9895727038383484,0.02321302331984043
174,0.8286457061767578,0.21641798317432404,0.24563945829868317,0.9870158433914185,0.029168372973799706,0.8806555867195129,0.1604415774345398,0.1855207085609436,0.9896026849746704,0.023206032812595367
175,0.8274904489517212,0.21716775000095367,0.24594034254550934,0.9872089624404907,0.028886349871754646,0.8806256651878357,0.1604548841714859,0.18554164469242096,0.9895427823066711,0.023214809596538544
176,0.8287522792816162,0.2164434790611267,0.24505595862865448,0.9873587489128113,0.02864009328186512,0.8806256651878357,0.16046905517578125,0.18555597960948944,0.9895727038383484,0.023215005174279213
177,0.828119695186615,0.21707014739513397,0.2463364154100418,0.9870724678039551,0.029199980199337006,0.8805956840515137,0.16045592725276947,0.1855480670928955,0.9895427823066711,0.023219995200634003
178,0.8284959197044373,0.21789367496967316,0.2464679479598999,0.9873587489128113,0.02867661975324154,0.8805956840515137,0.16047808527946472,0.18557016551494598,0.9895727038383484,0.02321913093328476
179,0.8274372220039368,0.21732072532176971,0.24556796252727509,0.9875751733779907,0.028264766559004784,0.8805956840515137,0.1604592353105545,0.18553708493709564,0.9896026849746704,0.023203516378998756
180,0.8289287090301514,0.21695180237293243,0.2459101676940918,0.9873554110527039,0.02910529263317585,0.8805657029151917,0.1604636162519455,0.1855442374944687,0.9896026849746704,0.02320467121899128
181,0.8286390900611877,0.21645285189151764,0.24521195888519287,0.9873986840248108,0.02875841036438942,0.8805956840515137,0.16044260561466217,0.18554098904132843,0.9895427823066711,0.023223688825964928
182,0.8286124467849731,0.21658311784267426,0.2450287938117981,0.9874486327171326,0.0284557081758976,0.8805956840515137,0.1604471504688263,0.18553924560546875,0.9895727038383484,0.023216785863041878
183,0.8273173570632935,0.21777351200580597,0.2461632937192917,0.9874420166015625,0.02850734256207943,0.8805357217788696,0.16045589745044708,0.18554477393627167,0.9895727038383484,0.0232146717607975
184,0.8282095789909363,0.21657529473304749,0.24523574113845825,0.9874885678291321,0.02879524603486061,0.8805657029151917,0.16047608852386475,0.18557050824165344,0.9895727038383484,0.02321939915418625
185,0.827204167842865,0.2172316014766693,0.24567563831806183,0.9872355461120605,0.028502706438302994,0.8805357217788696,0.16044670343399048,0.18553447723388672,0.9895727038383484,0.023212844505906105
186,0.8285092115402222,0.21672312915325165,0.24576042592525482,0.987159013748169,0.029050037264823914,0.8805058002471924,0.16044095158576965,0.18550848960876465,0.9896026849746704,0.023190315812826157
187,0.8287256360054016,0.2166862189769745,0.2454855889081955,0.9872788786888123,0.028713971376419067,0.8805657029151917,0.16045111417770386,0.18552391231060028,0.9896026849746704,0.023198315873742104
188,0.8277867436408997,0.2178266942501068,0.24662289023399353,0.9873221516609192,0.028753478080034256,0.8805956840515137,0.1604507863521576,0.1855340600013733,0.9895727038383484,0.02321072295308113
189,0.8283926844596863,0.21647153794765472,0.24528804421424866,0.9873986840248108,0.028864318504929543,0.8805657029151917,0.16046224534511566,0.18554088473320007,0.9896026849746704,0.02320735901594162
190,0.8284959197044373,0.21643733978271484,0.24555502831935883,0.9870291352272034,0.02912117727100849,0.8805956840515137,0.16040876507759094,0.18549391627311707,0.9895727038383484,0.023212118074297905
191,0.8282395601272583,0.2170797884464264,0.24634893238544464,0.9871756434440613,0.029147161170840263,0.8805657029151917,0.1604112982749939,0.18549491465091705,0.9895727038383484,0.023209311068058014
192,0.8282362222671509,0.21756288409233093,0.24601849913597107,0.9874919056892395,0.028629815205931664,0.8805956840515137,0.1604265570640564,0.18550609052181244,0.9896026849746704,0.023205529898405075
193,0.8282628655433655,0.21724538505077362,0.246235191822052,0.9871756434440613,0.0289754681289196,0.8805657029151917,0.16041067242622375,0.18549589812755585,0.9896026849746704,0.023210125043988228
194,0.8269511461257935,0.2176845371723175,0.24600641429424286,0.9875817894935608,0.02828359231352806,0.8804458379745483,0.16048404574394226,0.18554982542991638,0.9896026849746704,0.023192569613456726
195,0.8280764222145081,0.21693585813045502,0.24544647336006165,0.9876117706298828,0.02848120592534542,0.8805357217788696,0.16044926643371582,0.18553462624549866,0.9895727038383484,0.023211874067783356
196,0.8270310163497925,0.21756835281848907,0.24642646312713623,0.9872655272483826,0.02900560572743416,0.8805357217788696,0.1604408621788025,0.18551374971866608,0.9896026849746704,0.023198505863547325
197,0.8285791277885437,0.21666494011878967,0.24556531012058258,0.9871889352798462,0.02896735817193985,0.8806555867195129,0.16042834520339966,0.18549595773220062,0.9896026849746704,0.023192517459392548
198,0.8272573947906494,0.21754004061222076,0.24663160741329193,0.9871390461921692,0.02900860086083412,0.880715548992157,0.16041751205921173,0.18551522493362427,0.9895427823066711,0.023221809417009354
199,0.8280531167984009,0.21732108294963837,0.24613970518112183,0.9872522354125977,0.0287852194160223,0.8806555867195129,0.16040731966495514,0.1855170577764511,0.9895427823066711,0.023235760629177094
